{
  "project_info": {
    "project_number": "293965680829",
    "firebase_url": "https://gaspp-8637b.firebaseio.com",
    "project_id": "gaspp-8637b",
    "storage_bucket": "gaspp-8637b.appspot.com"
  },
  "client": [
    {
      "client_info": {
        "mobilesdk_app_id": "1:293965680829:android:7964a977e0288dc32b27d4",
        "android_client_info": {
          "package_name": "com.example.gaspp"
        }
      },
      "oauth_client": [
        {
          "client_id": "293965680829-k0dsmsujdj76t1ou7opefmbm9at4c3nk.apps.googleusercontent.com",
          "client_type": 3
        }
      ],
      "api_key": [
        {
          "current_key": "AIzaSyC-Y__Mxgmak_rf3fTDWy8BZiDDLdZ6HIw"
        }
      ],
      "services": {
        "appinvite_service": {
          "other_platform_oauth_client": [
            {
              "client_id": "293965680829-k0dsmsujdj76t1ou7opefmbm9at4c3nk.apps.googleusercontent.com",
              "client_type": 3
            }
          ]
        }
      }
    }
  ],
  "configuration_version": "1"
}